<?xml version="1.0" encoding="UTF-8"?><SLA Version="1.0"><TxList><Tx>UC_03_TestLaunch_TR02_login</Tx><Tx>UC04_CreateReport_Total</Tx><Tx>UC04_CreateReport_TR02_login</Tx><Tx>UC01_Register_TR06_copy_link</Tx><Tx>UC01_Register_TR07_athorize_new_user</Tx><Tx>UC05_CreateTrend_TR05_add_charts_tables</Tx><Tx>vuser_end_Transaction</Tx><Tx>UC04_CreateReport_TR05_add_items</Tx><Tx>UC05_CreateTrend_Total</Tx><Tx>UC01_Register_Total</Tx><Tx>UC01_Register_TR02_login_as_admin</Tx><Tx>UC04_CreateReport_TR03_reports</Tx><Tx>UC01_Register_TR08_create_password</Tx><Tx>UC02_CreateTest_Total</Tx><Tx>UC03_TestLaunch_Total</Tx><Tx>UC02_CreateTest_TR02_login</Tx><Tx>UC05_CreateTrend_TR06_save</Tx><Tx>UC05_CreateTrend_TR03_trends</Tx><Tx>UC01_Register_TR03_nagruzka</Tx><Tx>vuser_init_Transaction</Tx><Tx>UC_03_TestLaunch_TR01_mainPage</Tx><Tx>UC05_CreateTrend_TR02_login</Tx><Tx>UC_03_TestLaunch_TR04_launch</Tx><Tx>UC04_CreateReport_TR04_add_new_report</Tx><Tx>UC05_CreateTrend_TR04_select_test</Tx><Tx>UC04_CreateReport_TR01_mainPage</Tx><Tx>UC_03_TestLaunch_TR05_run_test</Tx><Tx>UC01_Register_TR04_edit</Tx><Tx>UC02_CreateTest_TR04_save_test</Tx><Tx>UC01_Register_TR05_add_new_team_member</Tx><Tx>UC02_CreateTest_TR03_add_new_test</Tx><Tx>UC05_CreateTrend_TR01_mainPage</Tx><Tx>UC_03_TestLaunch_TR03_tests</Tx><Tx>UC04_CreateReport_TR06_back_to_reports</Tx><Tx>UC02_CreateTest_TR01_mainPage</Tx><Tx>UC01_Register_TR01_mainPage</Tx><Tx>Action_Transaction</Tx></TxList><SLARules><TrackingPeriodType>Default</TrackingPeriodType><TrackingPeriodValue></TrackingPeriodValue><TrackingPeriodTimeScale></TrackingPeriodTimeScale></SLARules></SLA>